source_version,original_id,original_title,original_priority,original_acceptance,source_path,source_line,decision,polka_requirements,stages,delivery_tasks,decision_note
v1.2,PR-WS-001,Tenant → Brand Library → Workspaces hierarchy,P0,Любой объект имеет tenantId; Brand Pack не принадлежит отдельному workspace,docs/prd/v1_2.md,704,preserved,F02;F03;F07,M0;M1,P02;P03;P07,Tenant/workspace и серверные права сохраняются; deck расширяется до artifact.
v1.2,PR-WS-002,Workspace membership и deck ACL,P0,Viewer/commenter/editor/reviewer/publisher проверяются сервером,docs/prd/v1_2.md,705,preserved,F02;F03;F07,M0;M1,P02;P03;P07,Tenant/workspace и серверные права сохраняются; deck расширяется до artifact.
v1.2,PR-WS-003,Internal share link,P0,Ссылка работает только для авторизованных разрешённых пользователей tenant,docs/prd/v1_2.md,706,preserved,F02;F03;F07,M0;M1,P02;P03;P07,Tenant/workspace и серверные права сохраняются; deck расширяется до artifact.
v1.2,PR-WS-004,Draft/proposal/in-review/approved/published lifecycle,P0,Недопустимые переходы отклоняются application layer,docs/prd/v1_2.md,707,preserved,F14,M3;M4,P14,Review/release lifecycle отделён от простого сохранения и share.
v1.2,PR-WS-005,Immutable published release,P0,Изменение deck создаёт новую revision; published artifact не мутируется,docs/prd/v1_2.md,708,preserved,F04;F14,M1;M4,P04;P14,Неизменяемость любой сохранённой версии с M1; официальный release в M4.
v1.2,PR-WS-006,External controlled sharing,P1,"Expiry, watermark, classification and revoke",docs/prd/v1_2.md,709,adapted,F07;F10;F14,M1;M4,P07;P10;P14,"Audience/expiry/revoke/copy/download в M1; обязательный watermark только в принятом viewer/export profile M4, не защита от снимка экрана."
v1.2,PR-DECK-001,Versioned canonical AST,P0,JSON Schema + runtime validation + migrations,docs/prd/v1_2.md,715,adapted,F04;F09,M1;M2,P04;P09,Версии HTML-пакета и backing sources вместо обязательного DeckDocument AST.
v1.2,PR-DECK-002,Stable IDs,P0,Comments/sources/lineage переживают reorder и recipe switch,docs/prd/v1_2.md,716,adapted,F09;F14;F16,M2;M3,P09;P14;P16,Стабильные IDs для поддержанных блоков/источников плюс явный orphan anchor для произвольного HTML.
v1.2,PR-DECK-003,Structured rich text,P0,Canonical storage не содержит произвольный HTML,docs/prd/v1_2.md,717,retired,F08;F09;F24,M0;M2,P08;P09;P24,"Отменён запрет HTML в каноническом содержимом. Оригинальные files/bundle сохраняются, исполняются только в разрешённом профиле."
v1.2,PR-DECK-004,Semantic roles,P0,headline/claim/evidence/context/recommendation/action/annotation/decoration,docs/prd/v1_2.md,718,adapted,F09;F15,M2;M4,P09;P15,"Роли/schema/fixtures полезны в recipes, но не являются обязательным словарём всех артефактов."
v1.2,PR-DECK-005,Product block registry,P0,Каждый kind имеет schema/editor/renderer/lint/fixture,docs/prd/v1_2.md,719,adapted,F09;F15,M2;M4,P09;P15,"Роли/schema/fixtures полезны в recipes, но не являются обязательным словарём всех артефактов."
v1.2,PR-DECK-006,YAML projection,P0,Parser/formatter deterministic; semantic round-trip property tests,docs/prd/v1_2.md,720,retired,F20;F24,M3,P20;P24,"Обязательный YAML projection старой AST снят. Агент получает реальные files, manifest и capability contract."
v1.2,PR-DECK-007,Projection write through commands,P0,Invalid/stale YAML не записывается; возвращается structured diff/error,docs/prd/v1_2.md,721,adapted,F04;F09;F20,M2;M3,P04;P09;P20,"Валидация и защита от stale writes остаются; файл/patch проходит новый application contract, не YAML→DeckCommand."
v1.2,PR-DECK-008,Audience/archetype/delivery metadata,P0,Agent и linter получают явный contract,docs/prd/v1_2.md,722,adapted,F13;F15;F17,M2;M3,P13;P15;P17,"Цель/аудитория входят в доступный агенту context и recipe guide, без обязательной анкеты перед загрузкой."
v1.2,PR-DECK-009,Previous-release lineage,P0 model,P1 recurring report может сравнить releases без migration,docs/prd/v1_2.md,723,preserved,F17,M1;M5,P17,Origin revision в модели сразу; UI следующего периода/аудиторий после подтверждения повторного использования.
v1.2,PR-DECK-010,Audience variants lineage,P0 model,"P1 создаёт derived deck, blocks/sources имеют origin refs",docs/prd/v1_2.md,724,preserved,F17,M1;M5,P17,Origin revision в модели сразу; UI следующего периода/аудиторий после подтверждения повторного использования.
v1.2,PR-AGENT-001,Built-in agent,P0,"Запускает те же skills/tools, что MCP client",docs/prd/v1_2.md,747,adapted,F13;F20,M3,P13;P20,"Чат подключается к разрешённому агенту реальным adapter; собственная обязательная модель не нужна, no-agent путь M1/M2."
v1.2,PR-AGENT-002,Remote MCP,P0,OAuth/scoped access; compatibility tests с минимум двумя clients,docs/prd/v1_2.md,748,adapted,F13;F20,M3,P13;P20,Scoped remote MCP. Каждый заявленный client проверяется отдельно; минимум два клиента старого P0 не блокируют первый adapter.
v1.2,PR-AGENT-003,CLI,P0,"Human/CI может start run, inspect, render, submit proposal",docs/prd/v1_2.md,749,preserved,F13;F20,M3,P13;P20,"Один application contract, scoped actor и наблюдаемый run; подключение принимается реально."
v1.2,PR-AGENT-004,Small task-oriented tools,P0,Tool catalog не раскрывает database/renderer internals,docs/prd/v1_2.md,750,preserved,F13;F20,M3,P13;P20,"Один application contract, scoped actor и наблюдаемый run; подключение принимается реально."
v1.2,PR-AGENT-005,Product-wide skill registry,P0,"Skill имеет version, inputs, outputs, required scopes, eval suite",docs/prd/v1_2.md,751,preserved,F13;F15,M3;M4,P13;P15,Run/proposal pin-ит точные skill/model/recipe/policy и provenance; общий skill не содержит частный контекст.
v1.2,PR-AGENT-006,Proposal-only mutation,P0,Agent writes never change approved/published revision directly,docs/prd/v1_2.md,752,preserved,F14,M3,P14,Агент предлагает candidate к base revision; stale write не стирает человеческую правку.
v1.2,PR-AGENT-007,Base revision/rebase,P0,Concurrent human change даёт clean rebase или explicit conflict,docs/prd/v1_2.md,753,preserved,F14,M3,P14,Агент предлагает candidate к base revision; stale write не стирает человеческую правку.
v1.2,PR-AGENT-008,AgentRun lifecycle,P0,progress/cancel/retry/waiting_for_input visible in product,docs/prd/v1_2.md,754,preserved,F13;F20,M3,P13;P20,"Один application contract, scoped actor и наблюдаемый run; подключение принимается реально."
v1.2,PR-AGENT-009,Skill provenance,P0,"Proposal stores agent app, skill versions, model/provider and source refs",docs/prd/v1_2.md,755,preserved,F13;F15,M3;M4,P13;P15,Run/proposal pin-ит точные skill/model/recipe/policy и provenance; общий skill не содержит частный контекст.
v1.2,PR-AGENT-010,No publish/certify tool,Never,Tool catalog/schema lacks operation; server rejects equivalent bypass,docs/prd/v1_2.md,756,preserved,F14;F15,M3;M4,P14;P15,"Agent actor не может approve/publish/certify ни инструментом, ни обходным API."
v1.2,PR-REV-001,Semantic command-group diff,P0,User sees title/content/data/source/recipe/asset changes,docs/prd/v1_2.md,762,adapted,F14,M3,P14,Review связан с revision и устойчивым anchor поддержанного содержимого; не со схемой слайда.
v1.2,PR-REV-002,Before/after slide images,P0,Every changed slide has authoritative thumbnails,docs/prd/v1_2.md,763,adapted,F14,M3,P14,Review связан с revision и устойчивым anchor поддержанного содержимого; не со схемой слайда.
v1.2,PR-REV-003,Partial acceptance,P0,Apply by proposal/section/slide/block/group; dependencies validated,docs/prd/v1_2.md,764,deferred,F14,M5,P14,"Сначала accept целого candidate; частичная приёмка лишь независимых проверяемых групп, не произвольных DOM diff."
v1.2,PR-REV-004,Block-anchored comments,P0,Comment survives recipe change/re-render,docs/prd/v1_2.md,765,adapted,F14,M3,P14,"Anchor = revision/route/semantic ID или fallback region; потерянный anchor помечается, обещания выжить после любого JS rewrite нет."
v1.2,PR-REV-005,Comment → agent run,P0,Assignment creates linked run/proposal/thread response,docs/prd/v1_2.md,766,adapted,F14,M3,P14,Review связан с revision и устойчивым anchor поддержанного содержимого; не со схемой слайда.
v1.2,PR-REV-006,Managed-light direct edit,P0,Same typed command and revision semantics as agent changes,docs/prd/v1_2.md,767,adapted,F09;F14,M2;M3,P09;P14,Прямые правки source и агентские candidate используют одну семантику версий/CAS.
v1.2,PR-REV-007,Full managed editor,P1,"Drag/drop slots, richer authoring, multi-selection",docs/prd/v1_2.md,768,deferred,F09;F18,M5,P09;P18,Полный Figma-подобный editor не обещан в первом выпуске; расширение только по проверенным типам содержимого.
v1.2,PR-BRAND-001,Tenant-level Brand Library,P0,Templates/assets/fonts/guides centrally governed,docs/prd/v1_2.md,774,preserved,F15,M4,P15,"Tenant-owned design package: immutable version, policy, assets, guide и human certification."
v1.2,PR-BRAND-002,Immutable BrandPackRelease manifest,P0,Pins exact component versions and hashes,docs/prd/v1_2.md,775,preserved,F15,M4,P15,"Tenant-owned design package: immutable version, policy, assets, guide и human certification."
v1.2,PR-BRAND-003,Brand Profile,P0,"Colors, typography, spacing, logo, page geometry, image style",docs/prd/v1_2.md,776,preserved,F15,M4,P15,"Tenant-owned design package: immutable version, policy, assets, guide и human certification."
v1.2,PR-BRAND-004,Writing Guide,P0,"Tone, terminology, prohibited phrases, product naming",docs/prd/v1_2.md,777,preserved,F15,M4,P15,"Tenant-owned design package: immutable version, policy, assets, guide и human certification."
v1.2,PR-BRAND-005,Archetype Set,P0,Contracts and curated examples for allowed deck types,docs/prd/v1_2.md,778,preserved,F15,M4,P15,"Tenant-owned design package: immutable version, policy, assets, guide и human certification."
v1.2,PR-BRAND-006,Reference Corpus,P0,Slides/materials have authority/status/date/classification,docs/prd/v1_2.md,779,preserved,F15,M4,P15,"Tenant-owned design package: immutable version, policy, assets, guide и human certification."
v1.2,PR-BRAND-007,Asset Library,P0,Assets include rights/provenance/search metadata,docs/prd/v1_2.md,780,preserved,F15,M4,P15,"Tenant-owned design package: immutable version, policy, assets, guide и human certification."
v1.2,PR-BRAND-008,Template Packages,P0,Tokens/components/recipes/policies/fixtures/agent guides,docs/prd/v1_2.md,781,preserved,F15,M4,P15,"Tenant-owned design package: immutable version, policy, assets, guide и human certification."
v1.2,PR-BRAND-009,Workspace subscription,P0,Workspace sees allowed releases; deck pins exact release,docs/prd/v1_2.md,782,preserved,F15,M4,P15,"Tenant-owned design package: immutable version, policy, assets, guide и human certification."
v1.2,PR-BRAND-010,Subbrand inheritance,P0,Resolved at certification into effective release,docs/prd/v1_2.md,783,deferred,F15;F17,M5,P15;P17,Subbrand inheritance и массовая миграция требуют отдельного diff/impact; published release не меняется автоматически.
v1.2,PR-BRAND-011,Rebrand migration preview,P1,Impact by deck/slide/block and visual diff,docs/prd/v1_2.md,784,deferred,F15;F17,M5,P15;P17,Subbrand inheritance и массовая миграция требуют отдельного diff/impact; published release не меняется автоматически.
v1.2,PR-ONB-001,Onboarding run entity,P0,"Status, materials, candidates, decisions, tests and audit are durable",docs/prd/v1_2.md,790,deferred,F15,M5,P15,Полный assisted/self-service brand onboarding после ручной проверяемой корпоративной библиотеки.
v1.2,PR-ONB-002,Sandboxed import,P0,Macros/network/zip bombs/active SVG blocked; time and size limits,docs/prd/v1_2.md,791,preserved,F05;F08;F16,M1;M4,P05;P08;P16,Безопасная загрузка и bounded extraction с первого поддержанного формата; не ждать полного onboarding UI.
v1.2,PR-ONB-003,Material classification,P0,template/reference/brandbook/font/logo/asset/writing-guide types,docs/prd/v1_2.md,792,deferred,F15,M5,P15,Полный assisted/self-service brand onboarding после ручной проверяемой корпоративной библиотеки.
v1.2,PR-ONB-004,Authority labels,P0,normative/recommended/illustrative/exception/obsolete/unknown,docs/prd/v1_2.md,793,deferred,F15,M5,P15,Полный assisted/self-service brand onboarding после ручной проверяемой корпоративной библиотеки.
v1.2,PR-ONB-005,Candidate evidence,P0,Every candidate links to page/slide/object and extraction version,docs/prd/v1_2.md,794,deferred,F15,M5,P15,Полный assisted/self-service brand onboarding после ручной проверяемой корпоративной библиотеки.
v1.2,PR-ONB-006,Conflict resolution,P0,"Conflicting colors/rules/layouts shown explicitly, never silently merged",docs/prd/v1_2.md,795,deferred,F15,M5,P15,Полный assisted/self-service brand onboarding после ручной проверяемой корпоративной библиотеки.
v1.2,PR-ONB-007,Brand profile generation,P0,Human can accept/edit/reject each candidate,docs/prd/v1_2.md,796,deferred,F15,M5,P15,Полный assisted/self-service brand onboarding после ручной проверяемой корпоративной библиотеки.
v1.2,PR-ONB-008,Recipe clustering,P0,"Shows cluster members, weighted coverage, exceptions and slot proposal",docs/prd/v1_2.md,797,deferred,F15,M5,P15,Полный assisted/self-service brand onboarding после ручной проверяемой корпоративной библиотеки.
v1.2,PR-ONB-009,Agent guide generation,P0,"Each recipe has when-to-use, required/optional slots, anti-patterns and examples",docs/prd/v1_2.md,798,deferred,F15,M5,P15,Полный assisted/self-service brand onboarding после ручной проверяемой корпоративной библиотеки.
v1.2,PR-ONB-010,Fixture/golden runner,P0,Certification blocked on unresolved blocking fixtures,docs/prd/v1_2.md,799,preserved,F15;F18,M4,P15;P18,"Golden corpus, реальные разные design systems и human-only certification — условия корпоративного допуска."
v1.2,PR-ONB-011,Test deck,P0,Real/approved brief runs through production skills and review rubric,docs/prd/v1_2.md,800,preserved,F15;F18,M4,P15;P18,"Golden corpus, реальные разные design systems и human-only certification — условия корпоративного допуска."
v1.2,PR-ONB-012,Human-only certification,P0,Agent identity cannot call endpoint or obtain scope,docs/prd/v1_2.md,801,preserved,F15;F18,M4,P15;P18,"Golden corpus, реальные разные design systems и human-only certification — условия корпоративного допуска."
v1.2,PR-ONB-013,Full self-serve onboarding,P1,Brand Admin can complete flow without our implementation team,docs/prd/v1_2.md,802,deferred,F15,M5,P15,Полный assisted/self-service brand onboarding после ручной проверяемой корпоративной библиотеки.
v1.2,PR-LAYOUT-001,Declarative recipes,P0,accepts/slots/constraints/fallback/agent-guide; no code,docs/prd/v1_2.md,808,adapted,F08;F15,M2,P08;P15,Recipe guide/constraints полезны; обязательное no-code правило всех артефактов заменено профилями исполнения.
v1.2,PR-LAYOUT-002,Real font measurement,P0,Blocking overflow detected after approved fonts loaded,docs/prd/v1_2.md,809,adapted,F08;F15;F18,M2,P08;P15;P18,Качество проверяется по профилю браузерного отображения; старый layout compiler не переносится.
v1.2,PR-LAYOUT-003,Deterministic candidate selection,P0,Same inputs/compiler version → same layout result,docs/prd/v1_2.md,810,adapted,F08;F15;F18,M2,P08;P15;P18,Качество проверяется по профилю браузерного отображения; старый layout compiler не переносится.
v1.2,PR-LAYOUT-004,Hard constraints,P0,overlap/clipping/missing glyph/min font/safe area block publish,docs/prd/v1_2.md,811,adapted,F08;F15;F18,M2,P08;P15;P18,Качество проверяется по профилю браузерного отображения; старый layout compiler не переносится.
v1.2,PR-LAYOUT-005,Fallback chain,P0,compact/alternate recipe/split before font shrink below policy,docs/prd/v1_2.md,812,adapted,F08;F15;F18,M2,P08;P15;P18,Качество проверяется по профилю браузерного отображения; старый layout compiler не переносится.
v1.2,PR-LAYOUT-006,Shared render core,P0,Preview/images/PDF use one LayoutResult,docs/prd/v1_2.md,813,adapted,F08;F24,M2;M5,P08;P24,Pinned runtime/fonts/viewport и HTML snapshots вместо старого LayoutResult; PDF с отдельным экспортным допуском.
v1.2,PR-LAYOUT-007,Fixed renderer image,P0,Renderer version and font hashes in manifest,docs/prd/v1_2.md,814,adapted,F08;F24,M2;M5,P08;P24,Pinned runtime/fonts/viewport и HTML snapshots вместо старого LayoutResult; PDF с отдельным экспортным допуском.
v1.2,PR-LAYOUT-008,Detached freeform fragment,P1,Explicit risk/limited migration,docs/prd/v1_2.md,815,adapted,F08;F09,M2,P08;P09,"Свободный HTML — самостоятельный тип, а не detached escape hatch внутри DeckDoc."
v1.2,PR-ASSET-001,Content-addressed storage,P0,Duplicate bytes reuse immutable blob,docs/prd/v1_2.md,821,adapted,F04;F21,M1,P04;P21,Дедупликация по immutable hash внутри tenant; cross-tenant global dedup не включается в M1.
v1.2,PR-ASSET-002,Rights/provenance/classification,P0,Unknown rights can block external publication,docs/prd/v1_2.md,822,preserved,F10;F15;F16,M2;M4,P10;P15;P16,Права на web/server/export/embed и classification фиксируются отдельно; unknown rights могут блокировать распространение.
v1.2,PR-ASSET-003,Corporate semantic search,P0,Agent searches allowed Brand/Workspace assets first,docs/prd/v1_2.md,823,deferred,F16;F21,M5,P16;P21,Semantic/vector поиск корпоративных ассетов после ACL-correct metadata search; approved-library-first остаётся политикой M4.
v1.2,PR-ASSET-004,Image-style profile,P0,"Allowed types, composition, palette, references and prohibitions",docs/prd/v1_2.md,824,preserved,F15;F16,M3;M4,P15;P16,Pinned image style: purpose/composition/palette/reference/ограничения.
v1.2,PR-ASSET-005,Provider policy broker,P0,Provider/model/region/egress controlled by tenant policy,docs/prd/v1_2.md,825,preserved,F10;F16,M3;M4,P10;P16,Tenant policy разрешает конкретный provider/model/region/context; credentials не входят в agent prompt.
v1.2,PR-ASSET-006,Candidate generation,P0,2–4 candidates; no automatic acceptance,docs/prd/v1_2.md,826,adapted,F16,M3,P16,"Число candidates ограничено budget/capability, не обязательно 2–4; выбор явен и публикуется тот же hash."
v1.2,PR-ASSET-007,Generation provenance,P0,Provider/model/request hash/references/actor/run/date stored,docs/prd/v1_2.md,827,preserved,F16,M3;M4,P16,"Права, происхождение и неизменяемый выбранный asset сохраняются независимо от модели."
v1.2,PR-ASSET-008,Focal point/crop,P0,Preview and PDF match,docs/prd/v1_2.md,828,adapted,F09;F24,M2;M5,P09;P24,Crop поддержанного компонента; отдельная проверка соответствия при PDF export.
v1.2,PR-ASSET-009,Font rights,P0,"Separate rights for upload, web use, server render, PDF embed/subset",docs/prd/v1_2.md,829,preserved,F10;F15;F16,M2;M4,P10;P15;P16,Права на web/server/export/embed и classification фиксируются отдельно; unknown rights могут блокировать распространение.
v1.2,PR-ASSET-010,Structural visuals,P0,"steps/flow/comparison are semantic blocks, not raster images",docs/prd/v1_2.md,830,adapted,F08;F09;F15,M2,P08;P09;P15,Предпочтительны native DOM/SVG/chart components с данными; не обязательный старый semantic block registry.
v1.2,PR-DATA-001,Immutable CSV/JSON snapshot,P0,"Hash, schema, units, row count, as-of and classification",docs/prd/v1_2.md,836,preserved,F16,M2;M4,P16,Данные рецепта в M2; полный snapshot/source/freshness pipeline в M4.
v1.2,PR-DATA-002,Declarative chart IR,P0,No arbitrary JS; renderer adapter is replaceable,docs/prd/v1_2.md,837,adapted,F09;F16,M2;M4,P09;P16,Schema chart data полезна в recipes; обязательный единый chart IR/no-JS не ограничивает всю платформу.
v1.2,PR-DATA-003,Source registry,P0,Claim/metric/chart/table can reference source IDs,docs/prd/v1_2.md,838,preserved,F16,M2;M4,P16,Данные рецепта в M2; полный snapshot/source/freshness pipeline в M4.
v1.2,PR-DATA-004,Freshness policy,P0,Warn/block based on archetype and tenant rule,docs/prd/v1_2.md,839,preserved,F16,M2;M4,P16,Данные рецепта в M2; полный snapshot/source/freshness pipeline в M4.
v1.2,PR-DATA-005,Units/period lint,P0,Mismatch surfaced before review,docs/prd/v1_2.md,840,preserved,F16,M2;M4,P16,Данные рецепта в M2; полный snapshot/source/freshness pipeline в M4.
v1.2,PR-DATA-006,Data diff,P0,Proposal shows value/period/source changes,docs/prd/v1_2.md,841,preserved,F14;F16,M3;M4,P14;P16,"Review показывает изменения чисел/периода/источника, не только PNG."
v1.2,PR-DATA-007,Connectors,P1,Governed BI/DWH/document connectors,docs/prd/v1_2.md,842,deferred,F10;F16,M5,P10;P16,Каждый BI/DWH/document connector имеет scope/snapshot/policy и отдельную приёмку.
v1.2,PR-QA-001,Deterministic layout lint,P0,Blocking issues reproducible,docs/prd/v1_2.md,848,adapted,F18;F19,M2;M3,P18;P19,"Корпус браузерных сценариев, доступность и человеческая оценка, без ложной приёмки по одним PNG."
v1.2,PR-QA-002,Brand/content contract lint,P0,"Recipe, wording, logo, typography and density policies",docs/prd/v1_2.md,849,adapted,F15;F18,M2;M4,P15;P18,Recipe quality сначала; корпоративный writing/brand contract в M4.
v1.2,PR-QA-003,Data/source lint,P0,Missing/stale/unknown units/snapshot errors,docs/prd/v1_2.md,850,preserved,F16,M2;M4,P16,Missing/stale/source/unit ошибки видимы и учитывают критичность/tenant policy.
v1.2,PR-QA-004,Accessibility lint,P0,"alt text, contrast, reading order metadata, color-only meaning",docs/prd/v1_2.md,851,preserved,F18,M1;M2,P18,Keyboard/contrast/alt/order для оболочки и поддержанного контента; canvas stream не объявляется полностью доступным.
v1.2,PR-QA-005,Standalone critique,P0,Versioned model pass yields structured issues and rationale summary,docs/prd/v1_2.md,852,adapted,F13;F18,M3,P13;P18,"Отдельная структурированная reader/visual critique, budget, escalation и human accept; модель не является единственным gate."
v1.2,PR-QA-006,Visual critique,P0,Detects artifacts/hierarchy/crop anomalies; advisory unless corroborated,docs/prd/v1_2.md,853,adapted,F13;F18,M3,P13;P18,"Отдельная структурированная reader/visual critique, budget, escalation и human accept; модель не является единственным gate."
v1.2,PR-QA-007,Bounded repair loop,P0,Max iterations/time/cost; unresolved issue escalates to human,docs/prd/v1_2.md,854,adapted,F13;F18,M3,P13;P18,"Отдельная структурированная reader/visual critique, budget, escalation и human accept; модель не является единственным gate."
v1.2,PR-QA-008,Eval harness,P0,"Corpus briefs, expected contracts, automated metrics and human rubric",docs/prd/v1_2.md,855,adapted,F18;F19,M2;M3,P18;P19,"Корпус браузерных сценариев, доступность и человеческая оценка, без ложной приёмки по одним PNG."
v1.2,PR-PUB-001,Review exact revision,P0,Comments and approvals reference revision,docs/prd/v1_2.md,861,preserved,F14,M4,P14,Официальный выпуск требует прав/approval точной версии; обычный share — отдельное действие.
v1.2,PR-PUB-002,Role separation,P0,Agent cannot approve/publish; optional four-eyes policy,docs/prd/v1_2.md,862,preserved,F14,M4,P14,Официальный выпуск требует прав/approval точной версии; обычный share — отдельное действие.
v1.2,PR-PUB-003,Authoritative preflight,P0,Publish runs deterministic lint/render on frozen inputs,docs/prd/v1_2.md,863,adapted,F04;F14;F24,M1;M4;M5,P04;P14;P24,Неизменяемый release bundle/manifest с exact dependency hashes; PDF необязателен и выпускается отдельным проверенным exporter.
v1.2,PR-PUB-004,Manifest,P0,Deck/Brand Pack/renderer/fonts/assets/data/sources/approvals hashes,docs/prd/v1_2.md,864,adapted,F04;F14;F24,M1;M4;M5,P04;P14;P24,Неизменяемый release bundle/manifest с exact dependency hashes; PDF необязателен и выпускается отдельным проверенным exporter.
v1.2,PR-PUB-005,Immutable artifact,P0,Existing PDF is not overwritten,docs/prd/v1_2.md,865,adapted,F04;F14;F24,M1;M4;M5,P04;P14;P24,Неизменяемый release bundle/manifest с exact dependency hashes; PDF необязателен и выпускается отдельным проверенным exporter.
v1.2,PR-PUB-006,External share policy,P1,Expiry/watermark/revoke/classification,docs/prd/v1_2.md,866,adapted,F07;F10;F14,M1;M4,P07;P10;P14,"Audience/expiry/revoke/copy/download в M1; обязательный watermark только в принятом viewer/export profile M4, не защита от снимка экрана."
v1.2,PR-ENT-001,Tenant isolation,P0,Automated cross-tenant tests on every persistence/cache path,docs/prd/v1_2.md,872,preserved,F02;F03;F21,M0;M1,P02;P03;P21,"Cross-tenant отрицательные проверки на DB/storage/cache/search/jobs, не только UI."
v1.2,PR-ENT-002,Model/provider policies,P0,Classification-aware allow/deny and region,docs/prd/v1_2.md,873,preserved,F10,M0;M3;M4,P10,Classification-aware разрешение provider/model/region проверяется сервером.
v1.2,PR-ENT-003,Delegated and service identities,P0,Audit chain user → agent app → run → command,docs/prd/v1_2.md,874,preserved,F03;F11;F13;F20,M0;M3,P03;P11;P13;P20,Делегированный либо service actor с ограниченным scope; audit user→app→run→operation.
v1.2,PR-ENT-004,Scopes,P0,"Least privilege for deck, source, asset and brand onboarding operations",docs/prd/v1_2.md,875,preserved,F03;F11;F13;F20,M0;M3,P03;P11;P13;P20,Делегированный либо service actor с ограниченным scope; audit user→app→run→operation.
v1.2,PR-ENT-005,Audit export,P0,Human/agent changes and certification events queryable,docs/prd/v1_2.md,876,preserved,F11,M0;M4,P11,"Аудит writes/certification с начала, admin/export в корпоративном допуске."
v1.2,PR-ENT-006,SSO/SCIM/ABAC,P1,Enterprise rollout,docs/prd/v1_2.md,877,preserved,F23,M4,P23,Внутренняя поставка/IdP/lifecycle/provider isolation проверяются выбранным оператором; не выводятся из факта open source.
v1.2,PR-ENT-007,Private/on-prem,P1,Deployment and provider isolation,docs/prd/v1_2.md,878,preserved,F23,M4,P23,Внутренняя поставка/IdP/lifecycle/provider isolation проверяются выбранным оператором; не выводятся из факта open source.
v2.0,PR-ORG-001,"Tenant, Brand Library, Workspace и Deck ACL",not specified in row,Любой read/write проверяет tenant и effective permission,docs/prd/v2_0.md,1068,preserved,F02;F03;F07,M0;M1,P02;P03;P07,Организация владеет работами; ссылка не подменяет membership.
v2.0,PR-ORG-002,Template принадлежит tenant,not specified in row,Workspace не создаёт независимую certified копию,docs/prd/v2_0.md,1069,preserved,F15,M4,P15,"Certified библиотека принадлежит tenant, workspace подписывается на точную разрешённую версию."
v2.0,PR-ORG-003,Internal share link,not specified in row,"Пользователь без access получает deny, ссылка сама право не создаёт",docs/prd/v2_0.md,1070,preserved,F02;F03;F07,M0;M1,P02;P03;P07,Организация владеет работами; ссылка не подменяет membership.
v2.0,PR-ORG-004,External release link policy,not specified in row,Expiration/watermark/download policy применяются к release,docs/prd/v2_0.md,1071,adapted,F07;F10;F14,M1;M4,P07;P10;P14,"Audience/expiry/revoke/copy/download в M1; обязательный watermark только в принятом viewer/export profile M4, не защита от снимка экрана."
v2.0,PR-ORG-005,Audit,not specified in row,"Создание, agent writes, comments, accepts, approvals и publish имеют actor/time/object",docs/prd/v2_0.md,1072,preserved,F11,M0;M4,P11,Audit envelope/outbox сразу; admin/export в M4.
v2.0,PR-ORG-006,Data classification,not specified in row,Deck наследует/повышает classification от inputs; понижение требует permission,docs/prd/v2_0.md,1073,preserved,F10,M0;M4,P10,Classification наследуется/повышается от inputs; downgrade требует отдельного права.
v2.0,PR-DECK-001,Создать deck из brief,not specified in row,"Создаётся `DeckRecord`, empty revision и AgentRun либо manual draft",docs/prd/v2_0.md,1079,adapted,F09;F13,M2;M3,P09;P13,Старт с файла/готового рецепта без агента; бриф→подключённый разрешённый агент отдельным этапом.
v2.0,PR-DECK-002,Immutable revision,not specified in row,Сохранённая revision не меняется; новая команда создаёт следующую,docs/prd/v2_0.md,1080,preserved,F04,M1,P04,Новая immutable revision вместо изменения сохранённого источника.
v2.0,PR-DECK-003,Stable IDs,not specified in row,Block/source/comment anchors сохраняются после reorder/recipe switch,docs/prd/v2_0.md,1081,adapted,F09;F14,M2;M3,P09;P14,Устойчивые anchors в поддержанных элементах; исчезнувший anchor не маскируется.
v2.0,PR-DECK-004,Checkpoint,not specified in row,Можно именовать revision и восстановить как новый branch/draft,docs/prd/v2_0.md,1082,preserved,F04;F12,M1;M2,P04;P12,"Checkpoint и restore создают новую revision, не переписывают историю."
v2.0,PR-DECK-005,Derived deck lineage,not specified in row,Regular update/audience variant хранит origin,docs/prd/v2_0.md,1083,preserved,F17,M1;M5,P17,Lineage хранится с начала; scheduler и варианты аудитории не блокируют M1.
v2.0,PR-DECK-006,Soft delete/restore,not specified in row,Audit и releases не исчезают,docs/prd/v2_0.md,1084,preserved,F12,M1,P12,"Soft delete/restore, references и audit согласованы; purge имеет отдельный контракт."
v2.0,PR-AGENT-001,Embedded agent P0,not specified in row,Создание из brief не требует внешнего IDE,docs/prd/v2_0.md,1090,adapted,F13;F20,M3,P13;P20,"Чат подключается к разрешённому агенту реальным adapter; собственная обязательная модель не нужна, no-agent путь M1/M2."
v2.0,PR-AGENT-002,Remote MCP,not specified in row,Внешний client получает tools/resources после OAuth/scoped auth,docs/prd/v2_0.md,1091,adapted,F13;F20,M3,P13;P20,Scoped remote MCP. Каждый заявленный client проверяется отдельно; минимум два клиента старого P0 не блокируют первый adapter.
v2.0,PR-AGENT-003,CLI checkout,not specified in row,Coding-agent получает deterministic working directory,docs/prd/v2_0.md,1092,preserved,F13;F20,M3,P13;P20,"Один application contract, scoped actor и наблюдаемый run; подключение принимается реально."
v2.0,PR-AGENT-004,One Tool Service,not specified in row,Embedded/MCP/CLI проходят одинаковые validation/permissions,docs/prd/v2_0.md,1093,preserved,F13;F20,M3,P13;P20,"Один application contract, scoped actor и наблюдаемый run; подключение принимается реально."
v2.0,PR-AGENT-005,Versioned skills,not specified in row,Run фиксирует exact skill packages,docs/prd/v2_0.md,1094,preserved,F13;F15,M3;M4,P13;P15,Точная версия skill package записана в run и proposal.
v2.0,PR-AGENT-006,Bounded run,not specified in row,Max duration/iterations/tool calls/cost enforced server-side,docs/prd/v2_0.md,1095,preserved,F13;F20,M3,P13;P20,"Один application contract, scoped actor и наблюдаемый run; подключение принимается реально."
v2.0,PR-AGENT-007,No publish tool,not specified in row,Попытка agent publish возвращает authorization denial,docs/prd/v2_0.md,1096,preserved,F14,M3;M4,P14,Agent publish отклоняется сервером; user click не передаёт agent publisher scope.
v2.0,PR-AGENT-008,Needs-input state,not specified in row,Агент задаёт structured questions вместо выдумывания данных,docs/prd/v2_0.md,1097,preserved,F13;F20,M3,P13;P20,"Один application contract, scoped actor и наблюдаемый run; подключение принимается реально."
v2.0,PR-AGENT-009,Run observability,not specified in row,"Пользователь видит stages, sources, operations, outputs и cancel",docs/prd/v2_0.md,1098,preserved,F13;F20,M3,P13;P20,"Один application contract, scoped actor и наблюдаемый run; подключение принимается реально."
v2.0,PR-AGENT-010,Provider independence,not specified in row,Skill and DeckDocument не содержат provider-specific types,docs/prd/v2_0.md,1099,preserved,F13;F20,M3,P13;P20,"Один application contract, scoped actor и наблюдаемый run; подключение принимается реально."
v2.0,PR-REVIEW-001,Proposal from base revision,not specified in row,Main не меняется до accept,docs/prd/v2_0.md,1105,preserved,F14,M3,P14,"Base/current/candidate, человеческая приёмка и явный конфликт сохраняются."
v2.0,PR-REVIEW-002,Semantic diff,not specified in row,Text/data/source/recipe/asset changes понятны без JSON diff,docs/prd/v2_0.md,1106,preserved,F14,M3,P14,"Base/current/candidate, человеческая приёмка и явный конфликт сохраняются."
v2.0,PR-REVIEW-003,Visual diff,not specified in row,Для изменённых slides доступны before/after thumbnails,docs/prd/v2_0.md,1107,preserved,F14,M3,P14,"Base/current/candidate, человеческая приёмка и явный конфликт сохраняются."
v2.0,PR-REVIEW-004,Partial accept,not specified in row,Можно применить независимый change group; dependencies проверяются,docs/prd/v2_0.md,1108,deferred,F14,M5,P14,"Сначала accept целого candidate; частичная приёмка лишь независимых проверяемых групп, не произвольных DOM diff."
v2.0,PR-REVIEW-005,Rebase/conflict,not specified in row,Human change не перетирается; конфликт показывается,docs/prd/v2_0.md,1109,preserved,F14,M3,P14,"Base/current/candidate, человеческая приёмка и явный конфликт сохраняются."
v2.0,PR-REVIEW-006,Comments to agent,not specified in row,Unresolved comments можно передать в AgentRun,docs/prd/v2_0.md,1110,preserved,F14,M3,P14,"Base/current/candidate, человеческая приёмка и явный конфликт сохраняются."
v2.0,PR-REVIEW-007,Comment anchoring,not specified in row,Anchor переживает layout change через stable block ID,docs/prd/v2_0.md,1111,adapted,F14,M3,P14,"Anchor = revision/route/semantic ID или fallback region; потерянный anchor помечается, обещания выжить после любого JS rewrite нет."
v2.0,PR-REVIEW-008,Review status,not specified in row,Requested/changes-requested/approved относится к revision,docs/prd/v2_0.md,1112,preserved,F03;F14,M4,P03;P14,Required approvals относятся к exact revision и разделяют author/reviewer/publisher по политике.
v2.0,PR-REVIEW-009,Separation of duties,not specified in row,Agent и author не могут закрыть required publisher approval,docs/prd/v2_0.md,1113,preserved,F03;F14,M4,P03;P14,Required approvals относятся к exact revision и разделяют author/reviewer/publisher по политике.
v2.0,PR-EDIT-001,Inline text/list/metric,not specified in row,Edit сохраняет structured AST и rerenders slide,docs/prd/v2_0.md,1119,adapted,F09,M2,P09,Прямая правка поддержанного HTML/recipe source; не обещание универсального DOM/canvas editor.
v2.0,PR-EDIT-002,Compatible recipe switch,not specified in row,"UI показывает только recipes, принимающие текущие blocks",docs/prd/v2_0.md,1120,adapted,F09,M2,P09,Прямая правка поддержанного HTML/recipe source; не обещание универсального DOM/canvas editor.
v2.0,PR-EDIT-003,Reorder,not specified in row,Slide/block order changes atomically,docs/prd/v2_0.md,1121,adapted,F09,M2,P09,Прямая правка поддержанного HTML/recipe source; не обещание универсального DOM/canvas editor.
v2.0,PR-EDIT-004,Asset replace/crop,not specified in row,Preview/PDF crop identical,docs/prd/v2_0.md,1122,adapted,F09;F24,M2;M5,P09;P24,Asset replace/crop в поддержанном компоненте; совпадение PDF проверяется при отдельном выпуске экспортера.
v2.0,PR-EDIT-005,Source/data binding,not specified in row,"Inspector показывает date, provenance, freshness",docs/prd/v2_0.md,1123,adapted,F09;F16,M2;M4,P09;P16,Рецепт раскрывает типизированные данные/источник и допустимые настройки графика; чужой JS не притворяется этим редактором.
v2.0,PR-EDIT-006,Chart type switch,not specified in row,Запрещённые mappings недоступны,docs/prd/v2_0.md,1124,adapted,F09;F16,M2;M4,P09;P16,Рецепт раскрывает типизированные данные/источник и допустимые настройки графика; чужой JS не притворяется этим редактором.
v2.0,PR-EDIT-007,Notes,not specified in row,"Notes доступны reviewer, не попадают в PDF по умолчанию",docs/prd/v2_0.md,1125,adapted,F09;F14,M3,P09;P14,Private notes/context хранятся отдельно от reader bundle и не попадают в share/export по умолчанию.
v2.0,PR-EDIT-008,No arbitrary geometry,not specified in row,Authoring command schema не содержит x/y,docs/prd/v2_0.md,1126,retired,F08;F09,M2,P08;P09,Глобальный запрет произвольной геометрии снят: HTML/CSS поддерживается в своём профиле; managed recipe может иметь свои ограничения.
v2.0,PR-TPL-001,Versioned package,not specified in row,Deck pins immutable template version,docs/prd/v2_0.md,1132,adapted,F15,M2;M4,P15,Доверенный curated recipe сначала; корпоративные releases и certification в M4.
v2.0,PR-TPL-002,Tokens/components/recipes,not specified in row,Runtime не исполняет tenant code,docs/prd/v2_0.md,1133,adapted,F08;F15,M2;M4,P08;P15,Template name не делает код доверенным; trusted registry отдельно от networkless arbitrary HTML runtime. Полный запрет tenant code снят.
v2.0,PR-TPL-003,Agent guide,not specified in row,`get_template_contract` объясняет use/anti-patterns/examples,docs/prd/v2_0.md,1134,adapted,F15,M2;M4,P15,Доверенный curated recipe сначала; корпоративные releases и certification в M4.
v2.0,PR-TPL-004,Image style profile,not specified in row,Generation request получает locked brand style constraints,docs/prd/v2_0.md,1135,preserved,F15;F16,M3;M4,P15;P16,Разрешённый image adapter получает pinned image-style profile и policy.
v2.0,PR-TPL-005,Fixtures,not specified in row,Candidate не сертифицируется при blocking fixture failure,docs/prd/v2_0.md,1136,preserved,F15,M4,P15,"Fixture failures блокируют certification; роль Brand — человек, не агент."
v2.0,PR-TPL-006,Certification,not specified in row,Только Brand role переводит candidate в certified,docs/prd/v2_0.md,1137,preserved,F15,M4,P15,"Fixture failures блокируют certification; роль Brand — человек, не агент."
v2.0,PR-TPL-007,Template switch,not specified in row,Migration report показывает incompatible blocks,docs/prd/v2_0.md,1138,adapted,F09;F15,M2;M4,P09;P15,"Compatible recipe edit в M2; brand migration с отчётом M4, без обещания конвертировать любой HTML."
v2.0,PR-TPL-008,Assisted onboarding,not specified in row,Extractor + agent создают candidate package из references,docs/prd/v2_0.md,1139,deferred,F15;F16,M5,P15;P16,Автоматизация извлечения брендбука после ручного versioned package и accepted fixtures.
v2.0,PR-RENDER-001,Authoritative render,not specified in row,Slide images и PDF используют тот же RenderPlan,docs/prd/v2_0.md,1145,adapted,F08;F24,M2;M5,P08;P24,Канонический файл/HTML revision и profile manifest; автоматическое тождество интерактивного HTML и PDF не обещается.
v2.0,PR-RENDER-002,Real font measurement,not specified in row,Overflow определяется с approved font binaries,docs/prd/v2_0.md,1146,adapted,F08;F15;F18,M2;M4,P08;P15;P18,"Фиксируем профиль, зависимости и наблюдаемый результат HTML; не общий slide RenderPlan."
v2.0,PR-RENDER-003,Deterministic hard lint,not specified in row,Same inputs → same blocking issues,docs/prd/v2_0.md,1147,adapted,F08;F15;F18,M2;M4,P08;P15;P18,"Фиксируем профиль, зависимости и наблюдаемый результат HTML; не общий slide RenderPlan."
v2.0,PR-RENDER-004,Repair loop,not specified in row,"Agent использует documented fallback, не arbitrary coordinates",docs/prd/v2_0.md,1148,adapted,F13;F18,M3,P13;P18,"Bounded agent critique по релевантным страницам/состояниям; все обязательные состояния corpus проверяются, произвольные JS состояния не исчерпываются снимком."
v2.0,PR-RENDER-005,Full final vision pass,not specified in row,Перед handoff проверены все slide images,docs/prd/v2_0.md,1149,adapted,F13;F18,M3,P13;P18,"Bounded agent critique по релевантным страницам/состояниям; все обязательные состояния corpus проверяются, произвольные JS состояния не исчерпываются снимком."
v2.0,PR-RENDER-006,Bounded vision iterations,not specified in row,Policy limit не допускает бесконечный loop,docs/prd/v2_0.md,1150,adapted,F13;F18,M3,P13;P18,"Bounded agent critique по релевантным страницам/состояниям; все обязательные состояния corpus проверяются, произвольные JS состояния не исчерпываются снимком."
v2.0,PR-RENDER-007,Slide images API,not specified in row,`render` возвращает references на page images + issues,docs/prd/v2_0.md,1151,adapted,F08;F15;F18,M2;M4,P08;P15;P18,"Фиксируем профиль, зависимости и наблюдаемый результат HTML; не общий slide RenderPlan."
v2.0,PR-RENDER-008,Visual fingerprint,not specified in row,Release manifest фиксирует per-page perceptual/geometry fingerprint,docs/prd/v2_0.md,1152,adapted,F08;F15;F18,M2;M4,P08;P15;P18,"Фиксируем профиль, зависимости и наблюдаемый результат HTML; не общий slide RenderPlan."
v2.0,PR-VIS-001,Brand assets first,not specified in row,Skill ищет approved library до external generation,docs/prd/v2_0.md,1158,preserved,F16,M3;M4,P16,"Визуальная задача, разрешённый источник, качество и immutable asset; никаких скрытых внешних вызовов."
v2.0,PR-VIS-002,Native structural visuals,not specified in row,Steps/flow/comparison не rasterize без причины,docs/prd/v2_0.md,1159,adapted,F08;F15;F16,M2;M3,P08;P15;P16,"Purpose и style guide сохраняются; структурные визуалы доступны как HTML/SVG/components, не только DeckDoc blocks."
v2.0,PR-VIS-003,VisualIntent,not specified in row,Для visual block хранится purpose/type/style constraints,docs/prd/v2_0.md,1160,adapted,F08;F15;F16,M2;M3,P08;P15;P16,"Purpose и style guide сохраняются; структурные визуалы доступны как HTML/SVG/components, не только DeckDoc blocks."
v2.0,PR-VIS-004,Generation broker,not specified in row,Provider credential недоступен agent/client,docs/prd/v2_0.md,1161,preserved,F10;F16,M3;M4,P10;P16,Policy/egress/credential boundary до обращения к image provider; не обещание автоматического распознавания всех секретов.
v2.0,PR-VIS-005,Candidates,not specified in row,Генерация создаёт 2–3 immutable candidates,docs/prd/v2_0.md,1162,adapted,F16,M3,P16,Candidate count определяется бюджетом и адаптером; все выбранные результаты immutable.
v2.0,PR-VIS-006,Provenance,not specified in row,Provider/model/request/inputs/policy/actor/run recorded,docs/prd/v2_0.md,1163,preserved,F16,M3;M4,P16,"Визуальная задача, разрешённый источник, качество и immutable asset; никаких скрытых внешних вызовов."
v2.0,PR-VIS-007,DLP and classification,not specified in row,Confidential content не уходит запрещённому provider,docs/prd/v2_0.md,1164,preserved,F10;F16,M3;M4,P10;P16,Policy/egress/credential boundary до обращения к image provider; не обещание автоматического распознавания всех секретов.
v2.0,PR-VIS-008,License state,not specified in row,Unknown/restricted asset может блокировать external release,docs/prd/v2_0.md,1165,preserved,F16,M3;M4,P16,"Визуальная задача, разрешённый источник, качество и immutable asset; никаких скрытых внешних вызовов."
v2.0,PR-VIS-009,Image quality lint,not specified in row,"Resolution, aspect, artifacts, text/logo/face policy проверяются",docs/prd/v2_0.md,1166,preserved,F16,M3;M4,P16,"Визуальная задача, разрешённый источник, качество и immutable asset; никаких скрытых внешних вызовов."
v2.0,PR-VIS-010,No regeneration on publish,not specified in row,PDF использует выбранный blob hash,docs/prd/v2_0.md,1167,preserved,F16,M3;M4,P16,"Визуальная задача, разрешённый источник, качество и immutable asset; никаких скрытых внешних вызовов."
v2.0,PR-DATA-001,Immutable CSV/JSON snapshot,not specified in row,Dataset hash и schema сохранены,docs/prd/v2_0.md,1173,preserved,F16,M2;M4,P16,Данные рецепта в M2; полный snapshot/source/freshness pipeline в M4.
v2.0,PR-DATA-002,Units and types,not specified in row,Metric/chart mapping validates,docs/prd/v2_0.md,1174,preserved,F16,M2;M4,P16,Данные рецепта в M2; полный snapshot/source/freshness pipeline в M4.
v2.0,PR-DATA-003,Freshness,not specified in row,Policy marks stale data warn/block,docs/prd/v2_0.md,1175,preserved,F16,M2;M4,P16,Данные рецепта в M2; полный snapshot/source/freshness pipeline в M4.
v2.0,PR-DATA-004,Source for numbers,not specified in row,Asserted metric без source/date flagged,docs/prd/v2_0.md,1176,preserved,F16,M2;M4,P16,Данные рецепта в M2; полный snapshot/source/freshness pipeline в M4.
v2.0,PR-DATA-005,Frozen publication,not specified in row,Manifest содержит exact snapshot IDs/hashes,docs/prd/v2_0.md,1177,preserved,F16,M2;M4,P16,Данные рецепта в M2; полный snapshot/source/freshness pipeline в M4.
v2.0,PR-DATA-006,Source excerpts,not specified in row,"Agent sees bounded excerpts, not entire confidential corpus by default",docs/prd/v2_0.md,1178,preserved,F10;F13;F16,M3;M4,P10;P13;P16,Агент читает разрешённые bounded excerpts; source body не повышает права и не исполняет инструкции.
v2.0,PR-DATA-007,Prompt-injection boundary,not specified in row,"Source body treated as untrusted data, not instructions",docs/prd/v2_0.md,1179,preserved,F10;F13;F16,M3;M4,P10;P13;P16,Агент читает разрешённые bounded excerpts; source body не повышает права и не исполняет инструкции.
v2.0,PR-SRC-001,Immutable source upload,not specified in row,"Original blob, checksum, classification, uploader and parser version recorded",docs/prd/v2_0.md,1180,preserved,F04;F05;F08;F16,M1;M4,P04;P05;P08;P16,"Безопасный immutable upload сразу; parser/extraction добавляются для явно принятого формата, никогда macros/network/zip bomb execution."
v2.0,PR-SRC-002,Supported P0 formats,not specified in row,"TXT/Markdown, text PDF, DOCX, PPTX-as-source, CSV/JSON/XLSX and PNG/JPEG/SVG follow explicit pipelines",docs/prd/v2_0.md,1181,adapted,F16;F24,M1;M2;M5,P16;P24,Хранение оригиналов ≠ извлечение/редактура. HTML/data recipe M2; полный список Office-source pipelines не является обещанием первого выпуска.
v2.0,PR-SRC-003,Stable source anchors,not specified in row,"Claim can cite page/paragraph, slide/shape or sheet/cell range after normalization",docs/prd/v2_0.md,1182,preserved,F16,M4,P16,"Оригинал, точный anchor, extraction version и отчёт о потерях; извлечённое — недоверенные данные."
v2.0,PR-SRC-004,Safe extraction,not specified in row,"Macros, active content, external links and archive bombs are never executed",docs/prd/v2_0.md,1183,preserved,F04;F05;F08;F16,M1;M4,P04;P05;P08;P16,"Безопасный immutable upload сразу; parser/extraction добавляются для явно принятого формата, никогда macros/network/zip bomb execution."
v2.0,PR-SRC-005,Extraction report,not specified in row,"UI/agent sees complete/partial/failed status, warnings and unsupported content",docs/prd/v2_0.md,1184,preserved,F16,M4,P16,"Оригинал, точный anchor, extraction version и отчёт о потерях; извлечённое — недоверенные данные."
v2.0,PR-SRC-006,Scanned-document handling,not specified in row,"Missing text layer is detected; OCR/vision requires approved adapter and confidence, never silent fallback",docs/prd/v2_0.md,1185,deferred,F10;F16;F24,M5,P10;P16;P24,OCR и полноценная spreadsheet extraction только с approved adapter/confidence/частичным отчётом; нет тихого исполнения формул/внешних связей.
v2.0,PR-SRC-007,Spreadsheet semantics,not specified in row,Formulas and cached values are recorded; external connections/macros are not executed,docs/prd/v2_0.md,1186,deferred,F10;F16;F24,M5,P10;P16;P24,OCR и полноценная spreadsheet extraction только с approved adapter/confidence/частичным отчётом; нет тихого исполнения формул/внешних связей.
v2.0,PR-SRC-008,Citation trace,not specified in row,"Every quoted/extracted fragment preserves source ID, anchor and extraction version",docs/prd/v2_0.md,1187,preserved,F16,M4,P16,"Оригинал, точный anchor, extraction version и отчёт о потерях; извлечённое — недоверенные данные."
v2.0,PR-PUB-001,Revision-specific review,not specified in row,Approval invalidated by content-changing revision,docs/prd/v2_0.md,1193,preserved,F14,M4,P14,Официальный выпуск требует прав/approval точной версии; обычный share — отдельное действие.
v2.0,PR-PUB-002,Authoritative preflight,not specified in row,Publish reruns hard checks,docs/prd/v2_0.md,1194,adapted,F04;F14;F24,M1;M4;M5,P04;P14;P24,"Проверки frozen HTML/file revision и manifest; обязательный PDF-first заменён, гарантии immutable release остаются."
v2.0,PR-PUB-003,Immutable PDF release,not specified in row,Existing artifact never overwritten,docs/prd/v2_0.md,1195,adapted,F04;F14;F24,M1;M4;M5,P04;P14;P24,"Проверки frozen HTML/file revision и manifest; обязательный PDF-first заменён, гарантии immutable release остаются."
v2.0,PR-PUB-004,Manifest,not specified in row,Includes deck/template/skills/renderer/fonts/assets/data/approvals hashes,docs/prd/v2_0.md,1196,adapted,F04;F14;F24,M1;M4;M5,P04;P14;P24,"Проверки frozen HTML/file revision и manifest; обязательный PDF-first заменён, гарантии immutable release остаются."
v2.0,PR-PUB-005,Agent denied,not specified in row,No agent token can publish,docs/prd/v2_0.md,1197,preserved,F14,M4,P14,Официальный выпуск требует прав/approval точной версии; обычный share — отдельное действие.
v2.0,PR-PUB-006,Share controls,not specified in row,External link follows classification policy,docs/prd/v2_0.md,1198,adapted,F07;F10;F14,M1;M4,P07;P10;P14,"Audience/expiry/revoke/copy/download в M1; обязательный watermark только в принятом viewer/export profile M4, не защита от снимка экрана."
v2.0,PR-EVAL-001,Versioned benchmark corpus,not specified in row,"Briefs, sources and expected constraints are immutable/versioned",docs/prd/v2_0.md,1204,adapted,F18;F19,M2;M3;M4,P18;P19,"Версионный корпус файлов/HTML/рецептов; качество, скорость, стоимость и оценка реального человека."
v2.0,PR-EVAL-002,Skill regression,not specified in row,Skill/model/template change runs benchmark before promotion,docs/prd/v2_0.md,1205,preserved,F13;F15;F18,M3;M4,P13;P15;P18,Точные версии run/skill/model/template/runtime и regression до продвижения нового пакета.
v2.0,PR-EVAL-003,Deterministic metrics,not specified in row,"Blocking issue rate, source coverage and render success automatic",docs/prd/v2_0.md,1206,adapted,F18;F19,M2;M3;M4,P18;P19,"Версионный корпус файлов/HTML/рецептов; качество, скорость, стоимость и оценка реального человека."
v2.0,PR-EVAL-004,Human rubric,not specified in row,"Narrative, audience fit, visual relevance and brand quality scored",docs/prd/v2_0.md,1207,adapted,F18;F19,M2;M3;M4,P18;P19,"Версионный корпус файлов/HTML/рецептов; качество, скорость, стоимость и оценка реального человека."
v2.0,PR-EVAL-005,Traceability,not specified in row,Each eval result pins skill/model/template/compiler versions,docs/prd/v2_0.md,1208,preserved,F13;F15;F18,M3;M4,P13;P15;P18,Точные версии run/skill/model/template/runtime и regression до продвижения нового пакета.
v2.0,PR-EVAL-006,Pilot dashboards,not specified in row,First proposal acceptance and comment-to-fix iterations visible,docs/prd/v2_0.md,1209,adapted,F18;F22,M3;M4,P18;P22,Реальные accept/comment-to-fix и повторное использование; маленький пилот не выдаётся за доказанный рынок.
